{
  "credit": "Made with Blockbench",
  "parent": "builtin/entity",
  "texture_size": [
    512,
    256
  ],
  "display": {
    "thirdperson_righthand": {
      "scale": [
        0.1328125,
        0.1328125,
        0.1328125
      ]
    },
    "thirdperson_lefthand": {
      "scale": [
        0.1328125,
        0.1328125,
        0.1328125
      ]
    },
    "firstperson_righthand": {
      "scale": [
        0.08984375,
        0.08984375,
        0.08984375
      ]
    },
    "firstperson_lefthand": {
      "scale": [
        0.08984375,
        0.08984375,
        0.08984375
      ]
    },
    "ground": {
      "scale": [
        0.232421875,
        0.232421875,
        0.232421875
      ]
    },
    "gui": {
      "rotation": [
        -165.75,
        -45,
        -180
      ],
      "translation": [
        0,
        -6.5,
        0
      ],
      "scale": [
        0.224609375,
        0.224609375,
        0.224609375
      ]
    },
    "head": {
      "translation": [
        0,
        5.5,
        0
      ],
      "scale": [
        0.427734375,
        0.427734375,
        0.427734375
      ]
    },
    "fixed": {
      "rotation": [
        0,
        45,
        0
      ],
      "translation": [
        0,
        -9,
        0
      ],
      "scale": [
        0.3046875,
        0.3046875,
        0.3046875
      ]
    }
  }
}